id,seed,theme,dpi,service,moving,first_mover,order,start_hhmm,onsets,implicated_deploy,markers,dashed_marker_count,n_samples,file
incident_0000,2029167940,light,75,inventory,"[""errors"", ""latency"", ""saturation""]",saturation,"[""saturation"", ""errors"", ""latency""]",07:54,"{""saturation"": ""07:54"", ""errors"": ""08:06"", ""latency"": ""08:14""}",none,"{""A"": ""07:05"", ""B"": ""08:44"", ""C"": ""09:13""}",3,180,incident_0000.png
incident_0001,1342382291,dark,75,cart-svc,"[""errors"", ""saturation""]",errors,"[""errors"", ""saturation""]",11:39,"{""errors"": ""11:39"", ""saturation"": ""11:54""}",B,"{""A"": ""10:41"", ""B"": ""11:40"", ""C"": ""12:33""}",3,210,incident_0001.png
incident_0002,1469265225,dark,75,checkout-api,"[""errors"", ""latency"", ""saturation""]",latency,"[""latency"", ""errors"", ""saturation""]",09:12,"{""latency"": ""09:12"", ""errors"": ""09:27"", ""saturation"": ""09:42""}",A,"{""A"": ""09:11"", ""C"": ""10:03""}",2,150,incident_0002.png
incident_0003,1926751965,light,75,inventory,"[""errors"", ""latency""]",errors,"[""errors"", ""latency""]",14:04,"{""errors"": ""14:04"", ""latency"": ""14:20""}",none,"{""B"": ""13:09"", ""C"": ""15:21""}",2,180,incident_0003.png
incident_0004,1241873584,dark,75,cart-svc,"[""errors"", ""latency"", ""saturation""]",latency,"[""latency"", ""errors"", ""saturation""]",18:40,"{""latency"": ""18:40"", ""errors"": ""18:56"", ""saturation"": ""19:16""}",C,"{""C"": ""18:41""}",1,180,incident_0004.png
incident_0005,1665772334,dark,75,search-api,"[""errors"", ""latency""]",latency,"[""latency"", ""errors""]",02:22,"{""latency"": ""02:22"", ""errors"": ""02:31""}",A,"{""A"": ""02:22"", ""B"": ""03:13"", ""C"": ""03:58""}",3,150,incident_0005.png
incident_0006,1790251936,dark,75,search-api,"[""errors"", ""latency""]",latency,"[""latency"", ""errors""]",01:10,"{""latency"": ""01:10"", ""errors"": ""01:21""}",none,"{""A"": ""03:31""}",1,210,incident_0006.png
incident_0007,483628757,dark,75,inventory,"[""errors"", ""saturation""]",errors,"[""errors"", ""saturation""]",22:32,"{""errors"": ""22:32"", ""saturation"": ""22:44""}",B,"{""B"": ""22:33""}",1,210,incident_0007.png
incident_0008,119253154,light,75,inventory,"[""errors"", ""latency"", ""saturation""]",errors,"[""errors"", ""saturation"", ""latency""]",18:26,"{""errors"": ""18:26"", ""saturation"": ""18:35"", ""latency"": ""18:46""}",none,"{""B"": ""19:03"", ""C"": ""20:41""}",2,210,incident_0008.png
incident_0009,644602188,dark,200,payments,"[""errors"", ""latency"", ""saturation""]",saturation,"[""saturation"", ""errors"", ""latency""]",08:58,"{""saturation"": ""08:58"", ""errors"": ""09:11"", ""latency"": ""09:31""}",none,"{""A"": ""07:56"", ""C"": ""09:43""}",2,150,incident_0009.png
incident_0010,612176793,dark,75,inventory,"[""errors"", ""latency"", ""saturation""]",errors,"[""errors"", ""latency"", ""saturation""]",22:08,"{""errors"": ""22:08"", ""latency"": ""22:23"", ""saturation"": ""22:42""}",B,"{""B"": ""22:07"", ""C"": ""23:48""}",2,180,incident_0010.png
incident_0011,1875941738,light,75,cart-svc,"[""errors"", ""latency"", ""saturation""]",saturation,"[""saturation"", ""errors"", ""latency""]",01:28,"{""saturation"": ""01:28"", ""errors"": ""01:38"", ""latency"": ""01:49""}",B,"{""B"": ""01:28""}",1,210,incident_0011.png
incident_0012,1959843383,light,200,auth-gw,"[""errors"", ""saturation""]",saturation,"[""saturation"", ""errors""]",07:52,"{""saturation"": ""07:52"", ""errors"": ""08:10""}",none,"{""B"": ""08:33"", ""C"": ""09:37""}",2,180,incident_0012.png
incident_0013,11307154,light,75,cart-svc,"[""latency"", ""saturation""]",saturation,"[""saturation"", ""latency""]",03:45,"{""saturation"": ""03:45"", ""latency"": ""04:03""}",B,"{""B"": ""03:44""}",1,150,incident_0013.png
incident_0014,1073283950,light,200,cart-svc,"[""errors"", ""latency"", ""saturation""]",errors,"[""errors"", ""saturation"", ""latency""]",23:23,"{""errors"": ""23:23"", ""saturation"": ""23:39"", ""latency"": ""23:49""}",A,"{""A"": ""23:23"", ""C"": ""00:30""}",2,150,incident_0014.png
incident_0015,1763574598,light,75,cart-svc,"[""errors"", ""latency"", ""saturation""]",latency,"[""latency"", ""errors"", ""saturation""]",11:32,"{""latency"": ""11:32"", ""errors"": ""11:46"", ""saturation"": ""12:03""}",none,"{""C"": ""11:03""}",1,210,incident_0015.png
incident_0016,282266798,dark,200,auth-gw,"[""errors"", ""latency""]",errors,"[""errors"", ""latency""]",11:25,"{""errors"": ""11:25"", ""latency"": ""11:45""}",none,"{""A"": ""11:02"", ""B"": ""12:09"", ""C"": ""12:49""}",3,210,incident_0016.png
incident_0017,1711693563,light,75,search-api,"[""errors"", ""saturation""]",errors,"[""errors"", ""saturation""]",08:19,"{""errors"": ""08:19"", ""saturation"": ""08:38""}",B,"{""B"": ""08:18""}",1,180,incident_0017.png
incident_0018,255728784,dark,75,inventory,"[""errors"", ""latency"", ""saturation""]",errors,"[""errors"", ""saturation"", ""latency""]",16:40,"{""errors"": ""16:40"", ""saturation"": ""16:53"", ""latency"": ""17:01""}",A,"{""A"": ""16:40"", ""B"": ""18:29""}",2,210,incident_0018.png
incident_0019,1004882659,dark,200,payments,"[""errors"", ""latency"", ""saturation""]",latency,"[""latency"", ""saturation"", ""errors""]",09:33,"{""latency"": ""09:33"", ""saturation"": ""09:47"", ""errors"": ""10:06""}",none,"{""B"": ""10:51""}",1,150,incident_0019.png
incident_0020,1753345571,light,75,search-api,"[""errors"", ""latency"", ""saturation""]",saturation,"[""saturation"", ""latency"", ""errors""]",10:45,"{""saturation"": ""10:45"", ""latency"": ""10:56"", ""errors"": ""11:09""}",A,"{""A"": ""10:45""}",1,150,incident_0020.png
incident_0021,650757180,light,75,inventory,"[""latency"", ""saturation""]",saturation,"[""saturation"", ""latency""]",18:00,"{""saturation"": ""18:00"", ""latency"": ""18:20""}",B,"{""A"": ""17:33"", ""B"": ""18:00"", ""C"": ""18:51""}",3,150,incident_0021.png
incident_0022,733587778,light,75,search-api,"[""errors"", ""saturation""]",errors,"[""errors"", ""saturation""]",15:29,"{""errors"": ""15:29"", ""saturation"": ""15:41""}",B,"{""A"": ""15:04"", ""B"": ""15:29"", ""C"": ""16:32""}",3,180,incident_0022.png
incident_0023,597914448,light,200,search-api,"[""errors"", ""latency"", ""saturation""]",saturation,"[""saturation"", ""latency"", ""errors""]",01:10,"{""saturation"": ""01:10"", ""latency"": ""01:23"", ""errors"": ""01:39""}",A,"{""A"": ""01:11"", ""B"": ""03:08""}",2,210,incident_0023.png
incident_0024,1545052023,dark,75,payments,"[""errors"", ""latency"", ""saturation""]",saturation,"[""saturation"", ""latency"", ""errors""]",04:24,"{""saturation"": ""04:24"", ""latency"": ""04:36"", ""errors"": ""04:52""}",C,"{""C"": ""04:23""}",1,150,incident_0024.png
incident_0025,547328271,dark,75,payments,"[""errors"", ""latency"", ""saturation""]",saturation,"[""saturation"", ""latency"", ""errors""]",18:22,"{""saturation"": ""18:22"", ""latency"": ""18:39"", ""errors"": ""18:51""}",C,"{""A"": ""17:55"", ""C"": ""18:23""}",2,210,incident_0025.png
incident_0026,2126996168,light,200,auth-gw,"[""errors"", ""latency"", ""saturation""]",errors,"[""errors"", ""saturation"", ""latency""]",02:04,"{""errors"": ""02:04"", ""saturation"": ""02:22"", ""latency"": ""02:41""}",A,"{""A"": ""02:03"", ""B"": ""03:05"", ""C"": ""03:44""}",3,210,incident_0026.png
incident_0027,955794088,dark,200,auth-gw,"[""errors"", ""latency"", ""saturation""]",errors,"[""errors"", ""latency"", ""saturation""]",08:45,"{""errors"": ""08:45"", ""latency"": ""08:58"", ""saturation"": ""09:10""}",B,"{""A"": ""08:08"", ""B"": ""08:46""}",2,180,incident_0027.png
incident_0028,1026816910,dark,75,checkout-api,"[""errors"", ""latency"", ""saturation""]",latency,"[""latency"", ""errors"", ""saturation""]",16:55,"{""latency"": ""16:55"", ""errors"": ""17:10"", ""saturation"": ""17:28""}",A,"{""A"": ""16:55""}",1,150,incident_0028.png
incident_0029,1083509134,dark,200,payments,"[""latency"", ""saturation""]",saturation,"[""saturation"", ""latency""]",20:18,"{""saturation"": ""20:18"", ""latency"": ""20:37""}",B,"{""A"": ""19:45"", ""B"": ""20:18""}",2,180,incident_0029.png
incident_0030,1251001413,light,200,auth-gw,"[""errors"", ""saturation""]",errors,"[""errors"", ""saturation""]",06:22,"{""errors"": ""06:22"", ""saturation"": ""06:30""}",none,"{""B"": ""06:44""}",1,180,incident_0030.png
incident_0031,1188626511,dark,200,inventory,"[""errors"", ""latency"", ""saturation""]",errors,"[""errors"", ""latency"", ""saturation""]",21:23,"{""errors"": ""21:23"", ""latency"": ""21:31"", ""saturation"": ""21:43""}",none,"{""B"": ""20:40""}",1,150,incident_0031.png
incident_0032,1094029748,light,75,cart-svc,"[""latency"", ""saturation""]",saturation,"[""saturation"", ""latency""]",12:14,"{""saturation"": ""12:14"", ""latency"": ""12:30""}",none,"{""B"": ""11:15""}",1,180,incident_0032.png
incident_0033,2137820579,dark,200,search-api,"[""errors"", ""latency"", ""saturation""]",latency,"[""latency"", ""errors"", ""saturation""]",23:04,"{""latency"": ""23:04"", ""errors"": ""23:16"", ""saturation"": ""23:25""}",C,"{""A"": ""22:22"", ""C"": ""23:03""}",2,180,incident_0033.png
incident_0034,1734444720,dark,200,payments,"[""errors"", ""latency"", ""saturation""]",latency,"[""latency"", ""errors"", ""saturation""]",20:59,"{""latency"": ""20:59"", ""errors"": ""21:14"", ""saturation"": ""21:28""}",B,"{""A"": ""20:18"", ""B"": ""20:58"", ""C"": ""21:47""}",3,150,incident_0034.png
incident_0035,1702228508,light,75,cart-svc,"[""errors"", ""latency"", ""saturation""]",saturation,"[""saturation"", ""latency"", ""errors""]",11:12,"{""saturation"": ""11:12"", ""latency"": ""11:31"", ""errors"": ""11:51""}",none,"{""A"": ""10:10"", ""C"": ""12:27""}",2,180,incident_0035.png
incident_0036,1503827930,dark,75,auth-gw,"[""errors"", ""latency""]",latency,"[""latency"", ""errors""]",23:18,"{""latency"": ""23:18"", ""errors"": ""23:30""}",A,"{""A"": ""23:17"", ""B"": ""00:30""}",2,150,incident_0036.png
incident_0037,1336119720,light,75,inventory,"[""latency"", ""saturation""]",saturation,"[""saturation"", ""latency""]",22:15,"{""saturation"": ""22:15"", ""latency"": ""22:30""}",B,"{""B"": ""22:16""}",1,150,incident_0037.png
incident_0038,732347574,light,75,payments,"[""errors"", ""latency"", ""saturation""]",saturation,"[""saturation"", ""errors"", ""latency""]",02:25,"{""saturation"": ""02:25"", ""errors"": ""02:36"", ""latency"": ""02:45""}",none,"{""A"": ""01:26"", ""B"": ""01:51"", ""C"": ""03:18""}",3,150,incident_0038.png
incident_0039,2123775744,light,75,search-api,"[""errors"", ""latency"", ""saturation""]",errors,"[""errors"", ""saturation"", ""latency""]",06:53,"{""errors"": ""06:53"", ""saturation"": ""07:02"", ""latency"": ""07:21""}",none,"{""B"": ""06:43"", ""C"": ""07:36""}",2,180,incident_0039.png
incident_0040,1001222388,light,75,payments,"[""latency"", ""saturation""]",latency,"[""latency"", ""saturation""]",18:43,"{""latency"": ""18:43"", ""saturation"": ""18:59""}",C,"{""B"": ""18:17"", ""C"": ""18:43""}",2,180,incident_0040.png
incident_0041,462371908,dark,75,checkout-api,"[""errors"", ""latency"", ""saturation""]",saturation,"[""saturation"", ""errors"", ""latency""]",06:32,"{""saturation"": ""06:32"", ""errors"": ""06:46"", ""latency"": ""07:04""}",none,"{""A"": ""07:24""}",1,150,incident_0041.png
incident_0042,1814811279,dark,75,cart-svc,"[""errors"", ""latency"", ""saturation""]",errors,"[""errors"", ""latency"", ""saturation""]",21:39,"{""errors"": ""21:39"", ""latency"": ""21:59"", ""saturation"": ""22:15""}",A,"{""A"": ""21:40"", ""B"": ""22:27"", ""C"": ""22:52""}",3,150,incident_0042.png
incident_0043,344052722,dark,75,checkout-api,"[""errors"", ""latency"", ""saturation""]",saturation,"[""saturation"", ""latency"", ""errors""]",10:37,"{""saturation"": ""10:37"", ""latency"": ""10:46"", ""errors"": ""11:05""}",B,"{""B"": ""10:38""}",1,180,incident_0043.png
incident_0044,1841358261,dark,75,payments,"[""errors"", ""latency"", ""saturation""]",errors,"[""errors"", ""saturation"", ""latency""]",13:55,"{""errors"": ""13:55"", ""saturation"": ""14:03"", ""latency"": ""14:22""}",A,"{""A"": ""13:55"", ""C"": ""14:50""}",2,150,incident_0044.png
incident_0045,1315418782,light,200,checkout-api,"[""errors"", ""latency"", ""saturation""]",saturation,"[""saturation"", ""latency"", ""errors""]",05:27,"{""saturation"": ""05:27"", ""latency"": ""05:36"", ""errors"": ""05:44""}",none,"{""B"": ""04:42"", ""C"": ""06:59""}",2,180,incident_0045.png
incident_0046,246345229,dark,200,search-api,"[""latency"", ""saturation""]",latency,"[""latency"", ""saturation""]",22:50,"{""latency"": ""22:50"", ""saturation"": ""23:09""}",none,"{""B"": ""21:38"", ""C"": ""23:55""}",2,210,incident_0046.png
incident_0047,94364743,light,200,search-api,"[""errors"", ""latency"", ""saturation""]",saturation,"[""saturation"", ""latency"", ""errors""]",19:34,"{""saturation"": ""19:34"", ""latency"": ""19:44"", ""errors"": ""19:53""}",none,"{""C"": ""20:05""}",1,150,incident_0047.png
incident_0048,955111941,light,75,inventory,"[""errors"", ""latency"", ""saturation""]",errors,"[""errors"", ""saturation"", ""latency""]",04:52,"{""errors"": ""04:52"", ""saturation"": ""05:02"", ""latency"": ""05:18""}",none,"{""A"": ""06:02"", ""C"": ""06:26""}",2,150,incident_0048.png
incident_0049,76622814,dark,200,inventory,"[""errors"", ""latency"", ""saturation""]",saturation,"[""saturation"", ""latency"", ""errors""]",19:11,"{""saturation"": ""19:11"", ""latency"": ""19:20"", ""errors"": ""19:28""}",B,"{""A"": ""18:38"", ""B"": ""19:11"", ""C"": ""20:08""}",3,150,incident_0049.png
incident_0050,303992514,light,200,inventory,"[""errors"", ""saturation""]",errors,"[""errors"", ""saturation""]",17:53,"{""errors"": ""17:53"", ""saturation"": ""18:11""}",none,"{""A"": ""17:12"", ""B"": ""17:40"", ""C"": ""18:45""}",3,150,incident_0050.png
incident_0051,1105715321,dark,200,inventory,"[""latency"", ""saturation""]",saturation,"[""saturation"", ""latency""]",02:46,"{""saturation"": ""02:46"", ""latency"": ""03:05""}",none,"{""B"": ""03:18"", ""C"": ""04:21""}",2,180,incident_0051.png
incident_0052,2083627518,dark,75,cart-svc,"[""errors"", ""latency"", ""saturation""]",saturation,"[""saturation"", ""errors"", ""latency""]",02:29,"{""saturation"": ""02:29"", ""errors"": ""02:37"", ""latency"": ""02:45""}",C,"{""C"": ""02:29""}",1,210,incident_0052.png
incident_0053,1001169815,light,75,inventory,"[""errors"", ""latency"", ""saturation""]",saturation,"[""saturation"", ""latency"", ""errors""]",11:08,"{""saturation"": ""11:08"", ""latency"": ""11:18"", ""errors"": ""11:27""}",A,"{""A"": ""11:09"", ""B"": ""11:50""}",2,180,incident_0053.png
incident_0054,1736125123,light,200,payments,"[""errors"", ""latency""]",errors,"[""errors"", ""latency""]",02:14,"{""errors"": ""02:14"", ""latency"": ""02:31""}",A,"{""A"": ""02:13""}",1,150,incident_0054.png
incident_0055,1969602794,dark,75,checkout-api,"[""errors"", ""latency"", ""saturation""]",saturation,"[""saturation"", ""errors"", ""latency""]",06:50,"{""saturation"": ""06:50"", ""errors"": ""07:10"", ""latency"": ""07:21""}",A,"{""A"": ""06:49""}",1,150,incident_0055.png
incident_0056,1768373431,dark,75,checkout-api,"[""errors"", ""latency"", ""saturation""]",errors,"[""errors"", ""latency"", ""saturation""]",01:39,"{""errors"": ""01:39"", ""latency"": ""01:49"", ""saturation"": ""02:03""}",none,"{""B"": ""01:13"", ""C"": ""02:23""}",2,180,incident_0056.png
incident_0057,1351253091,dark,75,checkout-api,"[""errors"", ""latency"", ""saturation""]",latency,"[""latency"", ""saturation"", ""errors""]",18:10,"{""latency"": ""18:10"", ""saturation"": ""18:19"", ""errors"": ""18:30""}",B,"{""A"": ""17:43"", ""B"": ""18:09"", ""C"": ""19:03""}",3,150,incident_0057.png
incident_0058,947894553,light,75,search-api,"[""errors"", ""latency"", ""saturation""]",errors,"[""errors"", ""saturation"", ""latency""]",14:55,"{""errors"": ""14:55"", ""saturation"": ""15:06"", ""latency"": ""15:23""}",A,"{""A"": ""14:55"", ""B"": ""16:22""}",2,210,incident_0058.png
incident_0059,1104059238,light,200,auth-gw,"[""errors"", ""latency"", ""saturation""]",latency,"[""latency"", ""errors"", ""saturation""]",03:18,"{""latency"": ""03:18"", ""errors"": ""03:26"", ""saturation"": ""03:37""}",A,"{""A"": ""03:18"", ""B"": ""03:51""}",2,180,incident_0059.png
incident_0060,571810498,dark,75,cart-svc,"[""errors"", ""latency""]",latency,"[""latency"", ""errors""]",22:38,"{""latency"": ""22:38"", ""errors"": ""22:48""}",A,"{""A"": ""22:38""}",1,180,incident_0060.png
incident_0061,1067027577,dark,200,inventory,"[""errors"", ""latency"", ""saturation""]",saturation,"[""saturation"", ""errors"", ""latency""]",06:24,"{""saturation"": ""06:24"", ""errors"": ""06:35"", ""latency"": ""06:45""}",C,"{""C"": ""06:24""}",1,150,incident_0061.png
incident_0062,814704259,dark,75,auth-gw,"[""errors"", ""latency"", ""saturation""]",saturation,"[""saturation"", ""errors"", ""latency""]",07:29,"{""saturation"": ""07:29"", ""errors"": ""07:48"", ""latency"": ""07:58""}",A,"{""A"": ""07:29""}",1,150,incident_0062.png
incident_0063,531534247,light,200,cart-svc,"[""latency"", ""saturation""]",saturation,"[""saturation"", ""latency""]",09:09,"{""saturation"": ""09:09"", ""latency"": ""09:26""}",none,"{""A"": ""08:37"", ""B"": ""10:39"", ""C"": ""10:58""}",3,210,incident_0063.png
incident_0064,2132991552,light,200,cart-svc,"[""errors"", ""latency"", ""saturation""]",saturation,"[""saturation"", ""latency"", ""errors""]",08:42,"{""saturation"": ""08:42"", ""latency"": ""09:02"", ""errors"": ""09:21""}",none,"{""A"": ""08:18"", ""B"": ""09:32"", ""C"": ""09:52""}",3,210,incident_0064.png
incident_0065,25327476,light,75,checkout-api,"[""errors"", ""latency""]",errors,"[""errors"", ""latency""]",21:12,"{""errors"": ""21:12"", ""latency"": ""21:31""}",A,"{""A"": ""21:11"", ""B"": ""22:17""}",2,180,incident_0065.png
incident_0066,208719315,light,200,auth-gw,"[""errors"", ""latency"", ""saturation""]",saturation,"[""saturation"", ""latency"", ""errors""]",20:11,"{""saturation"": ""20:11"", ""latency"": ""20:19"", ""errors"": ""20:33""}",C,"{""B"": ""19:20"", ""C"": ""20:12""}",2,180,incident_0066.png
incident_0067,413180457,light,200,inventory,"[""errors"", ""latency"", ""saturation""]",latency,"[""latency"", ""saturation"", ""errors""]",12:58,"{""latency"": ""12:58"", ""saturation"": ""13:10"", ""errors"": ""13:26""}",A,"{""A"": ""12:59""}",1,150,incident_0067.png
incident_0068,2080950717,light,75,search-api,"[""errors"", ""latency"", ""saturation""]",errors,"[""errors"", ""saturation"", ""latency""]",18:18,"{""errors"": ""18:18"", ""saturation"": ""18:37"", ""latency"": ""18:46""}",A,"{""A"": ""18:18""}",1,150,incident_0068.png
incident_0069,1486127662,light,75,payments,"[""errors"", ""latency"", ""saturation""]",saturation,"[""saturation"", ""errors"", ""latency""]",08:23,"{""saturation"": ""08:23"", ""errors"": ""08:33"", ""latency"": ""08:45""}",A,"{""A"": ""08:24""}",1,210,incident_0069.png
incident_0070,1893744462,light,200,checkout-api,"[""latency"", ""saturation""]",saturation,"[""saturation"", ""latency""]",13:42,"{""saturation"": ""13:42"", ""latency"": ""13:51""}",none,"{""A"": ""12:57"", ""B"": ""14:51"", ""C"": ""15:36""}",3,180,incident_0070.png
incident_0071,430799658,light,75,inventory,"[""latency"", ""saturation""]",latency,"[""latency"", ""saturation""]",17:41,"{""latency"": ""17:41"", ""saturation"": ""17:55""}",C,"{""B"": ""16:48"", ""C"": ""17:40""}",2,180,incident_0071.png
incident_0072,1548284816,dark,75,auth-gw,"[""errors"", ""latency"", ""saturation""]",latency,"[""latency"", ""saturation"", ""errors""]",12:14,"{""latency"": ""12:14"", ""saturation"": ""12:23"", ""errors"": ""12:43""}",C,"{""C"": ""12:13""}",1,180,incident_0072.png
incident_0073,793573183,light,75,auth-gw,"[""errors"", ""latency"", ""saturation""]",saturation,"[""saturation"", ""errors"", ""latency""]",08:59,"{""saturation"": ""08:59"", ""errors"": ""09:13"", ""latency"": ""09:23""}",A,"{""A"": ""08:58"", ""B"": ""09:44""}",2,150,incident_0073.png
incident_0074,1050150559,dark,75,auth-gw,"[""errors"", ""latency"", ""saturation""]",latency,"[""latency"", ""saturation"", ""errors""]",21:24,"{""latency"": ""21:24"", ""saturation"": ""21:32"", ""errors"": ""21:43""}",A,"{""A"": ""21:24"", ""B"": ""23:18""}",2,180,incident_0074.png
incident_0075,8019223,dark,75,checkout-api,"[""errors"", ""latency""]",errors,"[""errors"", ""latency""]",15:20,"{""errors"": ""15:20"", ""latency"": ""15:28""}",none,"{""A"": ""14:55"", ""C"": ""16:00""}",2,180,incident_0075.png
incident_0076,1326161203,dark,75,checkout-api,"[""latency"", ""saturation""]",latency,"[""latency"", ""saturation""]",06:30,"{""latency"": ""06:30"", ""saturation"": ""06:46""}",B,"{""B"": ""06:29"", ""C"": ""08:09""}",2,180,incident_0076.png
incident_0077,1782513925,dark,75,search-api,"[""errors"", ""latency"", ""saturation""]",saturation,"[""saturation"", ""latency"", ""errors""]",07:12,"{""saturation"": ""07:12"", ""latency"": ""07:21"", ""errors"": ""07:34""}",B,"{""B"": ""07:11"", ""C"": ""07:55""}",2,180,incident_0077.png
incident_0078,1425262065,light,75,inventory,"[""errors"", ""saturation""]",saturation,"[""saturation"", ""errors""]",17:53,"{""saturation"": ""17:53"", ""errors"": ""18:03""}",C,"{""C"": ""17:53""}",1,150,incident_0078.png
incident_0079,331702645,light,200,checkout-api,"[""errors"", ""latency"", ""saturation""]",errors,"[""errors"", ""saturation"", ""latency""]",01:08,"{""errors"": ""01:08"", ""saturation"": ""01:22"", ""latency"": ""01:32""}",none,"{""A"": ""01:45"", ""B"": ""02:28""}",2,150,incident_0079.png
incident_0080,1146331533,dark,75,auth-gw,"[""errors"", ""latency""]",errors,"[""errors"", ""latency""]",18:30,"{""errors"": ""18:30"", ""latency"": ""18:50""}",C,"{""C"": ""18:30""}",1,180,incident_0080.png
incident_0081,574665130,dark,200,checkout-api,"[""errors"", ""latency"", ""saturation""]",errors,"[""errors"", ""latency"", ""saturation""]",04:30,"{""errors"": ""04:30"", ""latency"": ""04:43"", ""saturation"": ""04:51""}",A,"{""A"": ""04:31"", ""C"": ""06:18""}",2,180,incident_0081.png
incident_0082,2072097652,light,75,checkout-api,"[""errors"", ""latency"", ""saturation""]",saturation,"[""saturation"", ""latency"", ""errors""]",06:37,"{""saturation"": ""06:37"", ""latency"": ""06:56"", ""errors"": ""07:11""}",B,"{""B"": ""06:37"", ""C"": ""08:03""}",2,150,incident_0082.png
incident_0083,1890498904,light,75,payments,"[""errors"", ""saturation""]",errors,"[""errors"", ""saturation""]",01:22,"{""errors"": ""01:22"", ""saturation"": ""01:39""}",none,"{""B"": ""00:37""}",1,150,incident_0083.png
incident_0084,399930127,dark,75,inventory,"[""errors"", ""latency"", ""saturation""]",latency,"[""latency"", ""saturation"", ""errors""]",06:23,"{""latency"": ""06:23"", ""saturation"": ""06:43"", ""errors"": ""06:55""}",B,"{""B"": ""06:23"", ""C"": ""07:35""}",2,210,incident_0084.png
incident_0085,1094767427,dark,200,checkout-api,"[""errors"", ""latency"", ""saturation""]",latency,"[""latency"", ""saturation"", ""errors""]",22:58,"{""latency"": ""22:58"", ""saturation"": ""23:15"", ""errors"": ""23:31""}",A,"{""A"": ""22:59"", ""B"": ""23:51"", ""C"": ""00:10""}",3,180,incident_0085.png
incident_0086,2018102210,dark,75,cart-svc,"[""errors"", ""saturation""]",errors,"[""errors"", ""saturation""]",12:27,"{""errors"": ""12:27"", ""saturation"": ""12:41""}",A,"{""A"": ""12:27""}",1,210,incident_0086.png
incident_0087,1819241300,dark,200,cart-svc,"[""errors"", ""latency"", ""saturation""]",latency,"[""latency"", ""errors"", ""saturation""]",12:03,"{""latency"": ""12:03"", ""errors"": ""12:11"", ""saturation"": ""12:23""}",B,"{""B"": ""12:04"", ""C"": ""13:01""}",2,150,incident_0087.png
incident_0088,1520252679,light,200,auth-gw,"[""errors"", ""latency"", ""saturation""]",errors,"[""errors"", ""latency"", ""saturation""]",03:28,"{""errors"": ""03:28"", ""latency"": ""03:40"", ""saturation"": ""03:50""}",A,"{""A"": ""03:29"", ""C"": ""04:34""}",2,150,incident_0088.png
incident_0089,1373782154,light,75,cart-svc,"[""errors"", ""latency"", ""saturation""]",saturation,"[""saturation"", ""errors"", ""latency""]",15:26,"{""saturation"": ""15:26"", ""errors"": ""15:35"", ""latency"": ""15:48""}",B,"{""B"": ""15:25""}",1,210,incident_0089.png
incident_0090,90439481,dark,200,checkout-api,"[""errors"", ""latency"", ""saturation""]",latency,"[""latency"", ""errors"", ""saturation""]",15:27,"{""latency"": ""15:27"", ""errors"": ""15:35"", ""saturation"": ""15:48""}",B,"{""A"": ""14:46"", ""B"": ""15:28"", ""C"": ""16:05""}",3,180,incident_0090.png
incident_0091,1592940979,light,75,payments,"[""errors"", ""saturation""]",errors,"[""errors"", ""saturation""]",04:22,"{""errors"": ""04:22"", ""saturation"": ""04:33""}",none,"{""B"": ""05:20"", ""C"": ""05:40""}",2,150,incident_0091.png
incident_0092,1016862180,dark,200,checkout-api,"[""latency"", ""saturation""]",latency,"[""latency"", ""saturation""]",01:39,"{""latency"": ""01:39"", ""saturation"": ""01:59""}",A,"{""A"": ""01:40"", ""B"": ""02:41"", ""C"": ""03:07""}",3,150,incident_0092.png
incident_0093,196485315,light,75,cart-svc,"[""latency"", ""saturation""]",saturation,"[""saturation"", ""latency""]",19:53,"{""saturation"": ""19:53"", ""latency"": ""20:11""}",none,"{""A"": ""20:45"", ""B"": ""21:53"", ""C"": ""22:15""}",3,210,incident_0093.png
incident_0094,525027445,light,75,auth-gw,"[""errors"", ""latency"", ""saturation""]",latency,"[""latency"", ""saturation"", ""errors""]",05:12,"{""latency"": ""05:12"", ""saturation"": ""05:20"", ""errors"": ""05:29""}",none,"{""A"": ""04:50"", ""B"": ""06:23""}",2,180,incident_0094.png
incident_0095,1162097506,light,200,auth-gw,"[""latency"", ""saturation""]",latency,"[""latency"", ""saturation""]",03:27,"{""latency"": ""03:27"", ""saturation"": ""03:46""}",A,"{""A"": ""03:26""}",1,150,incident_0095.png
incident_0096,1560763481,light,75,search-api,"[""errors"", ""latency"", ""saturation""]",latency,"[""latency"", ""errors"", ""saturation""]",02:39,"{""latency"": ""02:39"", ""errors"": ""02:55"", ""saturation"": ""03:14""}",A,"{""A"": ""02:40""}",1,150,incident_0096.png
incident_0097,1090432573,light,75,search-api,"[""errors"", ""latency"", ""saturation""]",saturation,"[""saturation"", ""errors"", ""latency""]",19:16,"{""saturation"": ""19:16"", ""errors"": ""19:25"", ""latency"": ""19:40""}",B,"{""A"": ""18:48"", ""B"": ""19:16"", ""C"": ""20:52""}",3,180,incident_0097.png
incident_0098,1316294024,dark,200,auth-gw,"[""errors"", ""latency"", ""saturation""]",errors,"[""errors"", ""saturation"", ""latency""]",16:12,"{""errors"": ""16:12"", ""saturation"": ""16:25"", ""latency"": ""16:35""}",none,"{""A"": ""17:11"", ""C"": ""17:47""}",2,210,incident_0098.png
incident_0099,1871187062,dark,75,cart-svc,"[""errors"", ""latency""]",latency,"[""latency"", ""errors""]",10:18,"{""latency"": ""10:18"", ""errors"": ""10:27""}",B,"{""A"": ""09:58"", ""B"": ""10:19"", ""C"": ""11:12""}",3,180,incident_0099.png
incident_0100,1473219433,dark,75,checkout-api,"[""errors"", ""latency"", ""saturation""]",latency,"[""latency"", ""saturation"", ""errors""]",04:06,"{""latency"": ""04:06"", ""saturation"": ""04:19"", ""errors"": ""04:34""}",B,"{""B"": ""04:05""}",1,180,incident_0100.png
incident_0101,775808658,dark,75,payments,"[""errors"", ""latency""]",latency,"[""latency"", ""errors""]",23:56,"{""latency"": ""23:56"", ""errors"": ""00:10""}",A,"{""A"": ""23:57"", ""B"": ""00:33""}",2,210,incident_0101.png
incident_0102,1381360663,dark,75,payments,"[""errors"", ""latency"", ""saturation""]",errors,"[""errors"", ""latency"", ""saturation""]",18:47,"{""errors"": ""18:47"", ""latency"": ""18:59"", ""saturation"": ""19:15""}",B,"{""A"": ""17:54"", ""B"": ""18:48"", ""C"": ""19:59""}",3,210,incident_0102.png
incident_0103,1284590501,light,75,payments,"[""errors"", ""saturation""]",errors,"[""errors"", ""saturation""]",17:43,"{""errors"": ""17:43"", ""saturation"": ""18:02""}",none,"{""A"": ""16:55"", ""B"": ""18:42"", ""C"": ""19:09""}",3,210,incident_0103.png
incident_0104,232416243,light,200,payments,"[""errors"", ""latency"", ""saturation""]",errors,"[""errors"", ""saturation"", ""latency""]",13:36,"{""errors"": ""13:36"", ""saturation"": ""13:51"", ""latency"": ""13:59""}",B,"{""B"": ""13:35""}",1,180,incident_0104.png
incident_0105,127241932,dark,75,checkout-api,"[""errors"", ""latency"", ""saturation""]",saturation,"[""saturation"", ""errors"", ""latency""]",23:04,"{""saturation"": ""23:04"", ""errors"": ""23:17"", ""latency"": ""23:33""}",A,"{""A"": ""23:03"", ""B"": ""00:02""}",2,150,incident_0105.png
incident_0106,1417675531,light,200,search-api,"[""errors"", ""latency"", ""saturation""]",saturation,"[""saturation"", ""errors"", ""latency""]",16:20,"{""saturation"": ""16:20"", ""errors"": ""16:36"", ""latency"": ""16:53""}",A,"{""A"": ""16:20"", ""C"": ""17:53""}",2,150,incident_0106.png
incident_0107,832432953,light,200,checkout-api,"[""errors"", ""latency"", ""saturation""]",latency,"[""latency"", ""saturation"", ""errors""]",04:55,"{""latency"": ""04:55"", ""saturation"": ""05:13"", ""errors"": ""05:32""}",none,"{""A"": ""04:14"", ""B"": ""04:33"", ""C"": ""06:22""}",3,150,incident_0107.png
incident_0108,1284902936,light,75,auth-gw,"[""errors"", ""latency"", ""saturation""]",latency,"[""latency"", ""saturation"", ""errors""]",19:52,"{""latency"": ""19:52"", ""saturation"": ""20:08"", ""errors"": ""20:28""}",C,"{""C"": ""19:53""}",1,210,incident_0108.png
incident_0109,693715270,light,200,search-api,"[""errors"", ""latency"", ""saturation""]",errors,"[""errors"", ""latency"", ""saturation""]",07:48,"{""errors"": ""07:48"", ""latency"": ""07:58"", ""saturation"": ""08:07""}",none,"{""A"": ""08:38""}",1,180,incident_0109.png
incident_0110,484582549,light,200,checkout-api,"[""errors"", ""latency""]",latency,"[""latency"", ""errors""]",02:38,"{""latency"": ""02:38"", ""errors"": ""02:50""}",C,"{""B"": ""02:03"", ""C"": ""02:39""}",2,210,incident_0110.png
incident_0111,322551461,dark,75,cart-svc,"[""errors"", ""latency""]",errors,"[""errors"", ""latency""]",06:15,"{""errors"": ""06:15"", ""latency"": ""06:28""}",A,"{""A"": ""06:15"", ""B"": ""06:52""}",2,210,incident_0111.png
incident_0112,819442989,light,200,search-api,"[""errors"", ""latency"", ""saturation""]",errors,"[""errors"", ""saturation"", ""latency""]",21:24,"{""errors"": ""21:24"", ""saturation"": ""21:34"", ""latency"": ""21:45""}",A,"{""A"": ""21:24"", ""B"": ""22:03"", ""C"": ""22:41""}",3,150,incident_0112.png
incident_0113,1753072728,dark,75,inventory,"[""latency"", ""saturation""]",latency,"[""latency"", ""saturation""]",17:15,"{""latency"": ""17:15"", ""saturation"": ""17:23""}",C,"{""A"": ""16:02"", ""C"": ""17:16""}",2,210,incident_0113.png
incident_0114,861136854,light,75,checkout-api,"[""errors"", ""latency"", ""saturation""]",latency,"[""latency"", ""errors"", ""saturation""]",22:35,"{""latency"": ""22:35"", ""errors"": ""22:47"", ""saturation"": ""23:01""}",A,"{""A"": ""22:35"", ""B"": ""23:23"", ""C"": ""23:50""}",3,150,incident_0114.png
incident_0115,814854448,light,75,checkout-api,"[""errors"", ""latency"", ""saturation""]",saturation,"[""saturation"", ""latency"", ""errors""]",23:27,"{""saturation"": ""23:27"", ""latency"": ""23:36"", ""errors"": ""23:56""}",none,"{""C"": ""23:08""}",1,180,incident_0115.png
incident_0116,1235630862,dark,200,checkout-api,"[""errors"", ""latency"", ""saturation""]",errors,"[""errors"", ""saturation"", ""latency""]",22:04,"{""errors"": ""22:04"", ""saturation"": ""22:17"", ""latency"": ""22:28""}",C,"{""A"": ""21:24"", ""B"": ""21:45"", ""C"": ""22:03""}",3,150,incident_0116.png
incident_0117,2101845076,light,200,inventory,"[""errors"", ""latency"", ""saturation""]",latency,"[""latency"", ""errors"", ""saturation""]",18:47,"{""latency"": ""18:47"", ""errors"": ""19:04"", ""saturation"": ""19:12""}",C,"{""A"": ""18:20"", ""C"": ""18:46""}",2,180,incident_0117.png
incident_0118,842335582,light,200,inventory,"[""errors"", ""latency"", ""saturation""]",saturation,"[""saturation"", ""latency"", ""errors""]",22:08,"{""saturation"": ""22:08"", ""latency"": ""22:28"", ""errors"": ""22:48""}",none,"{""B"": ""21:35"", ""C"": ""23:03""}",2,150,incident_0118.png
incident_0119,1266997512,light,75,payments,"[""errors"", ""latency"", ""saturation""]",saturation,"[""saturation"", ""errors"", ""latency""]",22:32,"{""saturation"": ""22:32"", ""errors"": ""22:42"", ""latency"": ""22:58""}",C,"{""C"": ""22:32""}",1,150,incident_0119.png
